{"cameraMode":{"drawMode":0,"name":"Shaded","section":"Shading Mode"},"sceneLighting":true,"audioPlay":false,"sceneViewState":{"showFog":true,"showMaterialUpdate":false,"showSkybox":true,"showFlares":true,"showImageEffects":true,"showParticleSystems":true},"in2DMode":false,"pivot":{"x":4.11530876159668,"y":-2.5019683837890627,"z":-1.6990060806274415},"rotation":{"x":0.26384520530700686,"y":0.17813462018966676,"z":-0.04964747279882431,"w":0.9466726183891296},"size":11.57449722290039,"orthographic":true}