{"cameraMode":{"drawMode":0,"name":"Shaded","section":"Shading Mode"},"sceneLighting":false,"audioPlay":false,"sceneViewState":{"showFog":true,"showMaterialUpdate":true,"showSkybox":true,"showFlares":true,"showImageEffects":true,"showParticleSystems":true},"in2DMode":false,"pivot":{"x":5.0198516845703129,"y":-4.6975250244140629,"z":0.13097572326660157},"rotation":{"x":-0.1982290893793106,"y":0.5316150188446045,"z":-0.12958626449108125,"w":-0.813202440738678},"size":14.226869583129883,"orthographic":false}