{"cameraMode":{"drawMode":0,"name":"Shaded","section":"Shading Mode"},"sceneLighting":false,"audioPlay":false,"sceneViewState":{"showFog":false,"showMaterialUpdate":false,"showSkybox":false,"showFlares":false,"showImageEffects":false,"showParticleSystems":false},"in2DMode":false,"pivot":{"x":1.93359375,"y":3.63189697265625,"z":-3.29248046875},"rotation":{"x":0.0024424076545983555,"y":0.962441623210907,"z":-0.008661714382469654,"w":0.2713395059108734},"size":4.503580570220947,"orthographic":true}